{"cameraMode":{"drawMode":0,"name":"Shaded","section":"Shading Mode"},"sceneLighting":false,"audioPlay":false,"sceneViewState":{"showFog":true,"showMaterialUpdate":false,"showSkybox":false,"showFlares":true,"showImageEffects":true,"showParticleSystems":true},"in2DMode":false,"pivot":{"x":0.3533511161804199,"y":1.3911073207855225,"z":0.912280797958374},"rotation":{"x":-0.14162640273571015,"y":0.7859941720962524,"z":-0.19559720158576966,"w":-0.5691220760345459},"size":4.483547210693359,"orthographic":false}