{"cameraMode":{"drawMode":0,"name":"Shaded","section":"Shading Mode"},"sceneLighting":false,"audioPlay":false,"sceneViewState":{"showFog":true,"showMaterialUpdate":false,"showSkybox":false,"showFlares":true,"showImageEffects":true,"showParticleSystems":true},"in2DMode":false,"pivot":{"x":389.2035827636719,"y":436.4844970703125,"z":-534.2284545898438},"rotation":{"x":0.09201569110155106,"y":0.8524622321128845,"z":-0.1604122370481491,"w":0.48898911476135256},"size":11.155765533447266,"orthographic":true}