{"cameraMode":{"drawMode":0,"name":"Shaded","section":"Shading Mode"},"sceneLighting":false,"audioPlay":false,"sceneViewState":{"showFog":true,"showMaterialUpdate":false,"showSkybox":false,"showFlares":true,"showImageEffects":true,"showParticleSystems":true},"in2DMode":false,"pivot":{"x":401.38330078125,"y":433.9148864746094,"z":-536.2843017578125},"rotation":{"x":-0.09793411195278168,"y":-0.8180656433105469,"z":0.1463288515806198,"w":-0.5475095510482788},"size":15.54794692993164,"orthographic":false}