{"cameraMode":{"drawMode":0,"name":"Shaded","section":"Shading Mode"},"sceneLighting":false,"audioPlay":false,"sceneViewState":{"showFog":true,"showMaterialUpdate":false,"showSkybox":false,"showFlares":true,"showImageEffects":true,"showParticleSystems":true},"in2DMode":false,"pivot":{"x":71.00169372558594,"y":-2.934950828552246,"z":843.0017700195313},"rotation":{"x":-0.07859265059232712,"y":-0.9201712608337402,"z":0.24517777562141419,"w":-0.29496172070503237},"size":11.359171867370606,"orthographic":false}