{"cameraMode":{"drawMode":0,"name":"Shaded","section":"Shading Mode"},"sceneLighting":false,"audioPlay":false,"sceneViewState":{"showFog":true,"showMaterialUpdate":false,"showSkybox":false,"showFlares":true,"showImageEffects":true,"showParticleSystems":true},"in2DMode":false,"pivot":{"x":-39.68424987792969,"y":-11.550000190734864,"z":14.057548522949219},"rotation":{"x":0.14184752106666566,"y":-0.342674195766449,"z":0.05243368074297905,"w":0.927212119102478},"size":146.54002380371095,"orthographic":false}