{"cameraMode":{"drawMode":0,"name":"Shaded","section":"Shading Mode"},"sceneLighting":false,"audioPlay":false,"sceneViewState":{"showFog":true,"showMaterialUpdate":false,"showSkybox":false,"showFlares":true,"showImageEffects":true,"showParticleSystems":true},"in2DMode":false,"pivot":{"x":312.4333801269531,"y":2.2108428478240969,"z":623.8995361328125},"rotation":{"x":-0.04705819860100746,"y":-0.8497368693351746,"z":0.07693759351968765,"w":-0.5194759368896484},"size":6.348097801208496,"orthographic":true}