{"cameraMode":{"drawMode":0,"name":"Shaded","section":"Shading Mode"},"sceneLighting":false,"audioPlay":false,"sceneViewState":{"showFog":true,"showMaterialUpdate":false,"showSkybox":false,"showFlares":true,"showImageEffects":true,"showParticleSystems":true},"in2DMode":false,"pivot":{"x":92.52489471435547,"y":-0.13468456268310548,"z":789.7376708984375},"rotation":{"x":0.17515692114830018,"y":-0.6133630871772766,"z":0.14193274080753327,"w":0.7569425106048584},"size":8.618305206298829,"orthographic":false}