{"cameraMode":{"drawMode":0,"name":"Shaded","section":"Shading Mode"},"sceneLighting":false,"audioPlay":false,"sceneViewState":{"showFog":true,"showMaterialUpdate":false,"showSkybox":false,"showFlares":true,"showImageEffects":true,"showParticleSystems":true},"in2DMode":false,"pivot":{"x":-78.82769012451172,"y":-23.095722198486329,"z":30.394927978515626},"rotation":{"x":0.19121421873569489,"y":0.29512807726860049,"z":-0.0604088269174099,"w":0.9341782331466675},"size":0.27157533168792727,"orthographic":false}