{"cameraMode":{"drawMode":0,"name":"Shaded","section":"Shading Mode"},"sceneLighting":false,"audioPlay":false,"sceneViewState":{"showFog":true,"showMaterialUpdate":false,"showSkybox":false,"showFlares":true,"showImageEffects":true,"showParticleSystems":true},"in2DMode":false,"pivot":{"x":-50.999725341796878,"y":-8.493559837341309,"z":28.847368240356447},"rotation":{"x":-0.13798731565475465,"y":0.23413793742656709,"z":-0.0336034931242466,"w":-0.9617871642112732},"size":62.62601852416992,"orthographic":false}