{"cameraMode":{"drawMode":0,"name":"Shaded","section":"Shading Mode"},"sceneLighting":false,"audioPlay":false,"sceneViewState":{"showFog":true,"showMaterialUpdate":false,"showSkybox":false,"showFlares":true,"showImageEffects":true,"showParticleSystems":true},"in2DMode":false,"pivot":{"x":959.0802612304688,"y":0.6119303703308106,"z":1238.0426025390625},"rotation":{"x":0.0738222673535347,"y":0.8028485774993897,"z":-0.1016976535320282,"w":0.5827881097793579},"size":6.882521629333496,"orthographic":false}