{"cameraMode":{"drawMode":0,"name":"Shaded","section":"Shading Mode"},"sceneLighting":false,"audioPlay":false,"sceneViewState":{"showFog":true,"showMaterialUpdate":false,"showSkybox":false,"showFlares":true,"showImageEffects":true,"showParticleSystems":true},"in2DMode":false,"pivot":{"x":931.1781616210938,"y":-1.5251176357269288,"z":1199.5570068359375},"rotation":{"x":0.35334616899490359,"y":0.6137094497680664,"z":-0.355473130941391,"w":0.610038161277771},"size":4.512702465057373,"orthographic":true}