{"cameraMode":{"drawMode":0,"name":"Shaded","section":"Shading Mode"},"sceneLighting":true,"audioPlay":false,"sceneViewState":{"showFog":true,"showMaterialUpdate":false,"showSkybox":false,"showFlares":true,"showImageEffects":true,"showParticleSystems":true},"in2DMode":false,"pivot":{"x":-141.3303680419922,"y":-0.6521562337875366,"z":31.170146942138673},"rotation":{"x":-0.16492091119289399,"y":0.24284161627292634,"z":0.04193519055843353,"w":0.955028772354126},"size":580.253662109375,"orthographic":false}