{"cameraMode":{"drawMode":0,"name":"Shaded","section":"Shading Mode"},"sceneLighting":false,"audioPlay":false,"sceneViewState":{"showFog":true,"showMaterialUpdate":false,"showSkybox":false,"showFlares":true,"showImageEffects":true,"showParticleSystems":true},"in2DMode":false,"pivot":{"x":308.8681335449219,"y":0.85219806432724,"z":626.1287231445313},"rotation":{"x":-0.09270858019590378,"y":-0.818212628364563,"z":0.13774770498275758,"w":-0.5504549145698547},"size":7.425139904022217,"orthographic":true}