{"cameraMode":{"drawMode":0,"name":"Shaded","section":"Shading Mode"},"sceneLighting":false,"audioPlay":false,"sceneViewState":{"showFog":true,"showMaterialUpdate":false,"showSkybox":false,"showFlares":true,"showImageEffects":true,"showParticleSystems":true},"in2DMode":false,"pivot":{"x":200.31187438964845,"y":3.168217658996582,"z":769.7738647460938},"rotation":{"x":0.18978241086006165,"y":-0.49646368622779848,"z":0.11223272234201431,"w":0.8396004438400269},"size":0.8715416789054871,"orthographic":false}