{"cameraMode":{"drawMode":0,"name":"Shaded","section":"Shading Mode"},"sceneLighting":false,"audioPlay":false,"sceneViewState":{"showFog":true,"showMaterialUpdate":false,"showSkybox":false,"showFlares":true,"showImageEffects":true,"showParticleSystems":true},"in2DMode":false,"pivot":{"x":397.241455078125,"y":437.9034729003906,"z":-528.688720703125},"rotation":{"x":-0.18737180531024934,"y":-0.796684980392456,"z":0.30753782391548159,"w":-0.48539239168167117},"size":9.039705276489258,"orthographic":true}