{"cameraMode":{"drawMode":0,"name":"Shaded","section":"Shading Mode"},"sceneLighting":false,"audioPlay":false,"sceneViewState":{"showFog":true,"showMaterialUpdate":false,"showSkybox":false,"showFlares":true,"showImageEffects":true,"showParticleSystems":true},"in2DMode":false,"pivot":{"x":395.0932922363281,"y":438.6850280761719,"z":-534.3621826171875},"rotation":{"x":0.09955499321222305,"y":0.8734703063964844,"z":-0.201295405626297,"w":0.4319944381713867},"size":4.974374771118164,"orthographic":true}