{"cameraMode":{"drawMode":0,"name":"Shaded","section":"Shading Mode"},"sceneLighting":false,"audioPlay":false,"sceneViewState":{"showFog":true,"showMaterialUpdate":false,"showSkybox":false,"showFlares":true,"showImageEffects":true,"showParticleSystems":true},"in2DMode":false,"pivot":{"x":-1.780968189239502,"y":-1.1538658142089844,"z":-6.174522399902344},"rotation":{"x":-0.07714004069566727,"y":-0.9055227041244507,"z":0.1873297393321991,"w":-0.37284237146377566},"size":9.756638526916504,"orthographic":false}