{"cameraMode":{"drawMode":0,"name":"Shaded","section":"Shading Mode"},"sceneLighting":false,"audioPlay":false,"sceneViewState":{"showFog":true,"showMaterialUpdate":false,"showSkybox":false,"showFlares":true,"showImageEffects":true,"showParticleSystems":true},"in2DMode":false,"pivot":{"x":-74.04583740234375,"y":-19.327411651611329,"z":33.78325653076172},"rotation":{"x":-0.13397899270057679,"y":-0.8563913106918335,"z":0.27651023864746096,"w":-0.41496214270591738},"size":3.906268358230591,"orthographic":false}