{"cameraMode":{"drawMode":0,"name":"Shaded","section":"Shading Mode"},"sceneLighting":false,"audioPlay":false,"sceneViewState":{"showFog":true,"showMaterialUpdate":false,"showSkybox":false,"showFlares":true,"showImageEffects":true,"showParticleSystems":true},"in2DMode":false,"pivot":{"x":-3.4331228733062746,"y":-2.9985663890838625,"z":-5.431684970855713},"rotation":{"x":0.0909607857465744,"y":-0.898676872253418,"z":0.22308845818042756,"w":0.36656785011291506},"size":10.806313514709473,"orthographic":false}