{"cameraMode":{"drawMode":0,"name":"Shaded","section":"Shading Mode"},"sceneLighting":false,"audioPlay":false,"sceneViewState":{"showFog":true,"showMaterialUpdate":false,"showSkybox":false,"showFlares":true,"showImageEffects":true,"showParticleSystems":true},"in2DMode":false,"pivot":{"x":91.56575012207031,"y":1.197139859199524,"z":107.14517974853516},"rotation":{"x":-0.12645845115184785,"y":-0.4773261249065399,"z":0.06969989091157913,"w":-0.8668007850646973},"size":1.5457603931427003,"orthographic":false}