{"cameraMode":{"drawMode":0,"name":"Shaded","section":"Shading Mode"},"sceneLighting":false,"audioPlay":false,"sceneViewState":{"showFog":true,"showMaterialUpdate":false,"showSkybox":false,"showFlares":true,"showImageEffects":true,"showParticleSystems":true},"in2DMode":false,"pivot":{"x":438.1002197265625,"y":259.819091796875,"z":0.5861282348632813},"rotation":{"x":-0.1560569554567337,"y":0.04976656287908554,"z":-0.007873689755797387,"w":-0.9864627718925476},"size":48.226627349853519,"orthographic":false}