{"cameraMode":{"drawMode":0,"name":"Shaded","section":"Shading Mode"},"sceneLighting":false,"audioPlay":false,"sceneViewState":{"showFog":true,"showMaterialUpdate":false,"showSkybox":false,"showFlares":true,"showImageEffects":true,"showParticleSystems":true},"in2DMode":false,"pivot":{"x":401.8067321777344,"y":436.07080078125,"z":-530.018310546875},"rotation":{"x":-0.05812346562743187,"y":-0.8679289221763611,"z":-0.10465512424707413,"w":0.4820498824119568},"size":3.929198980331421,"orthographic":false}