{"cameraMode":{"drawMode":0,"name":"Shaded","section":"Shading Mode"},"sceneLighting":false,"audioPlay":false,"sceneViewState":{"showFog":true,"showMaterialUpdate":false,"showSkybox":false,"showFlares":true,"showImageEffects":true,"showParticleSystems":true},"in2DMode":false,"pivot":{"x":242.28155517578126,"y":126.64527893066406,"z":-338.9100036621094},"rotation":{"x":0.3709893226623535,"y":0.3880904018878937,"z":-0.1744280457496643,"w":0.8254259824752808},"size":28.157609939575197,"orthographic":false}