{"cameraMode":{"drawMode":0,"name":"Shaded","section":"Shading Mode"},"sceneLighting":false,"audioPlay":false,"sceneViewState":{"showFog":true,"showMaterialUpdate":false,"showSkybox":false,"showFlares":true,"showImageEffects":true,"showParticleSystems":true},"in2DMode":false,"pivot":{"x":114.52440643310547,"y":0.3332110345363617,"z":774.221435546875},"rotation":{"x":0.0626724362373352,"y":-0.8605263829231262,"z":0.10927876830101013,"w":0.4936055839061737},"size":0.7283479571342468,"orthographic":false}