{"cameraMode":{"drawMode":0,"name":"Shaded","section":"Shading Mode"},"sceneLighting":false,"audioPlay":false,"sceneViewState":{"showFog":true,"showMaterialUpdate":false,"showSkybox":false,"showFlares":true,"showImageEffects":true,"showParticleSystems":true},"in2DMode":false,"pivot":{"x":-69.73716735839844,"y":-22.782819747924806,"z":77.34949493408203},"rotation":{"x":-0.18154333531856538,"y":0.7504071593284607,"z":-0.22992108762264253,"w":-0.5925384163856506},"size":17.44078826904297,"orthographic":false}