{"cameraMode":{"drawMode":0,"name":"Shaded","section":"Shading Mode"},"sceneLighting":false,"audioPlay":false,"sceneViewState":{"showFog":true,"showMaterialUpdate":false,"showSkybox":false,"showFlares":true,"showImageEffects":true,"showParticleSystems":true},"in2DMode":false,"pivot":{"x":70.87662506103516,"y":2.004000186920166,"z":860.2953491210938},"rotation":{"x":0.11406002193689347,"y":0.6572109460830689,"z":-0.10154414176940918,"w":0.7380964756011963},"size":6.461410045623779,"orthographic":true}