{"cameraMode":{"drawMode":0,"name":"Shaded","section":"Shading Mode"},"sceneLighting":false,"audioPlay":false,"sceneViewState":{"showFog":true,"showMaterialUpdate":false,"showSkybox":false,"showFlares":true,"showImageEffects":true,"showParticleSystems":true},"in2DMode":false,"pivot":{"x":310.8329772949219,"y":3.4286959171295168,"z":625.744140625},"rotation":{"x":0.00894179381430149,"y":0.8921638131141663,"z":-0.017674915492534639,"w":0.45128288865089419},"size":2.6455953121185304,"orthographic":false}